{"title": "lstm_2023_03_31_1680246419", "index": [1, 2, 3, 4], "loss": [0.6984463334083557, 0.6960955262184143, 0.6898859143257141, 0.6690050959587097], "val_loss": [0.7206145524978638, 0.7515411376953125, 0.7110505700111389, 0.6957618594169617], "recall": [25, 100, 100, 78], "val_recall": [100, 100, 100, 100], "precision": [50, 52, 52, 60], "val_precision": [30, 30, 30, 42]}