{"title": "lstm_2023_03_31_1680246032", "index": [1, 2, 3], "loss": [0.6962026953697205, 0.6957099437713623, 0.69051194190979], "val_loss": [0.7458493113517761, 0.7162646055221558, 0.6893519163131714], "recall": [53, 97, 80], "val_recall": [100, 100, 33], "precision": [51, 52, 50], "val_precision": [30, 30, 50]}