{"title": "lstm_2023_03_31_1680254605", "index": [1, 2, 3, 4, 5, 6, 7, 8, 9, 10, 11, 12, 13, 14, 15, 16, 17, 18, 19, 20, 21, 22, 23, 24, 25, 26, 27, 28, 29, 30, 31, 32, 33, 34, 35, 36, 37, 38, 39, 40, 41, 42, 43, 44, 45, 46, 47, 48, 49, 50, 51, 52, 53, 54, 55, 56, 57, 58, 59, 60, 61, 62, 63, 64, 65, 66, 67, 68, 69, 70, 71, 72, 73, 74, 75, 76, 77, 78, 79, 80, 81, 82, 83, 84, 85, 86, 87, 88, 89, 90, 91, 92, 93, 94, 95, 96, 97, 98, 99, 100], "loss": [0.695685863494873, 0.6996894478797913, 0.6957546472549438, 0.690546989440918, 0.6915562748908997, 0.6928330659866333, 0.6838237643241882, 0.6758461594581604, 0.6761223077774048, 0.6423352360725403, 0.613696277141571, 0.5931532979011536, 0.5673008561134338, 0.569592297077179, 0.6420731544494629, 0.5787228345870972, 0.5325852036476135, 0.5559558272361755, 0.5084393620491028, 0.4612557590007782, 0.5319008827209473, 0.5523234605789185, 0.501243531703949, 0.4812201261520386, 0.4780939817428589, 0.4858992397785187, 0.4040710926055908, 0.5056506991386414, 0.7073603272438049, 0.5305852890014648, 0.5128110647201538, 0.4516070187091827, 0.4692921042442322, 0.5067214369773865, 0.4542766213417053, 0.4140286743640899, 0.3903829753398895, 0.3712646067142486, 0.3386857211589813, 0.3816387057304382, 0.9342176914215088, 0.7248547077178955, 0.7050342559814453, 0.7016386389732361, 0.6934351325035095, 0.6965520977973938, 0.6934329271316528, 0.6902068853378296, 0.6924609541893005, 0.6912659406661987, 0.6929871439933777, 0.6940724849700928, 0.6957622766494751, 0.6922358870506287, 0.6946240663528442, 0.6927154660224915, 0.6921415328979492, 0.6926430463790894, 0.6928648352622986, 0.6901431083679199, 0.6930863857269287, 0.6925159692764282, 0.6891645789146423, 0.692604124546051, 0.6909441351890564, 0.6958353519439697, 0.6921831369400024, 0.6897993683815002, 0.6930890679359436, 0.6895025968551636, 0.6935157179832458, 0.6929097771644592, 0.6922803521156311, 0.6923302412033081, 0.6913911700248718, 0.6931005120277405, 0.6906036734580994, 0.6935299038887024, 0.6906362771987915, 0.6922492384910583, 0.6908236742019653, 0.6873653531074524, 0.6888466477394104, 0.6881029009819031, 0.6873985528945923, 0.6893987655639648, 0.6864690780639648, 0.673982560634613, 0.6629125475883484, 0.6501789689064026, 0.5962214469909668, 0.5543118119239807, 0.626754105091095, 0.6967555284500122, 0.5970514416694641, 0.608934760093689, 0.5969118475914001, 0.5714571475982666, 0.7216829657554626, 0.7089712619781494], "val_loss": [0.7262066602706909, 0.721983790397644, 0.702934741973877, 0.6917061805725098, 0.7200803756713867, 0.7143288850784302, 0.7111726999282837, 0.7024057507514954, 0.6976510286331177, 0.7133195996284485, 0.6948311924934387, 0.6685609817504883, 0.6796056628227234, 0.9577184915542604, 0.658190131187439, 0.6079980731010437, 0.8867438435554504, 0.6286434531211853, 0.7473311424255371, 0.7323199510574341, 1.1518051624298096, 0.7897205352783203, 0.7732017636299133, 0.638318657875061, 0.7585166692733765, 0.6122336387634277, 1.0708186626434326, 0.8620668649673462, 1.0039100646972656, 0.7012356519699097, 0.7550826072692871, 0.6758888363838196, 0.9392670392990112, 0.6686586141586304, 0.7997404336929321, 0.5719277858734131, 0.6529968976974487, 0.6505637168884277, 0.7348926663398743, 0.9567357301712036, 0.6111689209938049, 0.6872170567512512, 0.7640913128852844, 0.7608040571212769, 0.7326352000236511, 0.7045503854751587, 0.6995797157287598, 0.6998206377029419, 0.7008260488510132, 0.7033019661903381, 0.6979610919952393, 0.7048982381820679, 0.7156149744987488, 0.7140148878097534, 0.7174907922744751, 0.7169007658958435, 0.71253901720047, 0.7122315168380737, 0.7179620265960693, 0.7130919098854065, 0.7089236378669739, 0.7075117826461792, 0.709403395652771, 0.7120925784111023, 0.716126561164856, 0.7171181440353394, 0.7189628481864929, 0.7194455862045288, 0.7151063680648804, 0.7148140072822571, 0.7133220434188843, 0.7175039649009705, 0.7191566228866577, 0.7184768915176392, 0.7182825207710266, 0.7094429135322571, 0.7091018557548523, 0.7138222455978394, 0.7120162844657898, 0.7107528448104858, 0.7132997512817383, 0.7124212384223938, 0.7131621241569519, 0.7117134928703308, 0.7164506912231445, 0.7239786386489868, 0.7239169478416443, 0.7017464637756348, 0.7070960998535156, 0.6423074007034302, 0.7831141352653503, 0.6759255528450012, 0.6088499426841736, 0.6481781005859375, 0.7723304033279419, 0.6505663990974426, 0.9308605194091796, 0.701407790184021, 0.6277199983596802, 0.6804726123809814], "recall": [93, 100, 95, 80, 91, 95, 82, 95, 38, 72, 68, 74, 65, 40, 59, 78, 74, 68, 70, 78, 59, 76, 74, 74, 76, 72, 74, 63, 53, 65, 51, 74, 63, 76, 70, 76, 76, 76, 80, 80, 2, 0, 76, 100, 100, 100, 87, 87, 93, 100, 87, 93, 100, 100, 100, 100, 100, 100, 100, 100, 100, 100, 100, 100, 97, 97, 100, 100, 100, 100, 97, 100, 97, 97, 100, 100, 97, 100, 100, 97, 100, 100, 97, 100, 97, 100, 100, 85, 65, 89, 57, 70, 59, 14, 61, 61, 42, 72, 4, 4], "val_recall": [100, 100, 100, 0, 100, 100, 100, 66, 33, 33, 100, 33, 0, 66, 66, 66, 100, 66, 66, 33, 100, 66, 100, 66, 100, 66, 100, 0, 100, 33, 100, 66, 100, 33, 100, 100, 100, 100, 100, 0, 0, 0, 100, 100, 100, 100, 100, 100, 100, 100, 100, 100, 100, 100, 100, 100, 100, 100, 100, 100, 100, 100, 100, 100, 100, 100, 100, 100, 100, 100, 100, 100, 100, 100, 100, 100, 100, 100, 100, 100, 100, 100, 100, 100, 100, 100, 100, 33, 66, 33, 33, 33, 0, 0, 100, 0, 66, 0, 0, 0], "precision": [51, 52, 51, 57, 51, 52, 53, 56, 64, 72, 68, 69, 70, 86, 71, 72, 81, 76, 82, 86, 93, 81, 83, 83, 85, 85, 94, 81, 73, 88, 95, 87, 90, 80, 91, 87, 94, 92, 94, 86, 100, 0, 49, 52, 52, 52, 51, 55, 53, 52, 50, 50, 52, 52, 52, 52, 52, 52, 52, 52, 52, 52, 52, 52, 52, 51, 52, 52, 52, 52, 52, 52, 51, 51, 52, 52, 52, 52, 52, 51, 52, 52, 51, 52, 52, 52, 52, 54, 70, 60, 77, 82, 69, 77, 72, 78, 83, 73, 100, 100], "val_precision": [30, 30, 30, 0, 30, 30, 37, 40, 33, 25, 50, 33, 0, 40, 40, 50, 50, 50, 40, 50, 50, 50, 50, 50, 50, 66, 50, 0, 50, 50, 50, 50, 50, 50, 50, 60, 60, 60, 60, 0, 0, 0, 30, 30, 30, 30, 30, 30, 30, 30, 30, 30, 30, 30, 30, 30, 30, 30, 30, 30, 30, 30, 30, 30, 30, 30, 30, 30, 30, 30, 30, 30, 30, 30, 30, 30, 30, 30, 30, 30, 30, 30, 30, 30, 30, 30, 30, 33, 40, 50, 25, 50, 0, 0, 50, 0, 40, 0, 0, 0]}